<?xml version="1.0"?>
<!DOCTYPE document [
  <!ENTITY project SYSTEM "project.xml">
]>
<document>

    &project;

    <properties>
        <author email="rslifka@sfu.ca">Robert Slifka</author>
        <title>Introduction</title>
    </properties>

<body>


<section name="Introduction">

<p>For administrators and web developers alike, there are some important bits
of information you should familiarize yourself with before starting out. This
document serves as a brief introduction to some of the concepts and
terminology behind the Tomcat container. As well, where to go when you need
help.</p>

</section>


<section name="Terminology">

<p>In the course of reading these documents, you'll run across a number of
terms; some specific to Tomcat, and others defined by the
<a href="http://java.sun.com/products/servlet/">Servlet</a> or
<a href="http://java.sun.com/products/jsp/">JSP</a> specifications.</p>

<ul>
<li><strong>Context</strong> - In a nutshell, a Context is a
    web application.</li>
<li><strong>Term2</strong> - This is it.</li>
<li><strong>Term3</strong> - This is it!</li>
</ul>

</section>


<section name="Directories and Files">

<p>Throughout the docs, you'll notice there are numerous references to
<strong>$CATALINA_HOME</strong>. This represents the root of your Tomcat
installation. When we say, "This information can be found in your
$CATALINA_HOME/README.txt file" we mean to look at the README.txt file at the
root of your Tomcat install.</p>

<p>For the complete description of the Tomcat distribution, each folder can be
found in the <a href="README.txt">README.txt</a> file, residing in the root
directory of your Tomcat installation. Here, we will cover the ones where
you'll be spending the majority of your time.</p>

<ul>
<li><strong>/bin</strong> - Startup, shutdown, and other scripts. The
    <code>*.sh</code> files (for Unix systems) are functional duplicates of
    the <code>*.bat</code> files (for Windows systems).  Since the Win32
    command-line lacks certain functionality, there are some additional
    files in here.</li>
<li><strong>/conf</strong> - Configuration files and related DTDs.  The most
    important file in here is server.xml.  It is the main configuration file
    for the container.</li>
<li><strong>/logs</strong> - Log files are here by default.</li>
<li><strong>/webapps</strong> - This is where your webapps go.</li>
</ul>

</section>


<section name="Configuring Tomcat">

<p>This section will acquaint you with the basic information used during
the configuration of the container.</p>

<p>All of the information in the configuration files is read at startup,
meaning that any change to the files necessitates a restart of the container.
</p>

</section>


<section name="Where to Go for Help">

<p>While we've done our best to ensure that these documents are clearly
written and easy to understand, we may have missed something.  Provided
below are various web sites and mailing lists in case you get stuck.</p>

<p>As Tomcat 4 is a new release of Tomcat, keep in mind that some of the
issues and solutions vary between the major versions of Tomcat (3.x versus
4.x).  As you search around the web, there will be some documentation that
is not relevant to Tomcat 4, but 3.x.  Doing 3.x things to 4.0 will probably
not work in most cases as the server.xml files are very different.</p>

<ul>
<li>Current document - most documents will list potential hangups. Be sure
    to fully read the relevant documentation as it will save you much time
    and effort. There's nothing like scouring the web only to find out that
    the answer was right in front of you all along!</li>
<li>Jakarta <a href="http://jakarta.apache.org:8080/jyve-faq/Turbine/screen/MainMenu/action/SetAll/screen/DisplayTopics/faq_id/12/project_id/2;jsessionid=36lqy9k9x1">FAQ-o-matic</a>
    - a repository of FAQs for the various Jakarta subprojects, including
    Tomcat of course.</li>
<li>Tomcat FAQ at <a href="http://www.jguru.com/faq/home.jsp?topic=Tomcat">jGuru</a></li>
<li>Tomcat mailing list archives - numerous sites archive the Tomcat mailing
    lists. Since the links change over time, clicking here will search
    <a href="http://www.google.com/search?q=tomcat+mailing+list+archives">Google</a>.
    </li>
<li>The TOMCAT-USER mailing list, which you can subscribe to
    <a href="http://jakarta.apache.org/site/mail.html">here</a>. If you don't
    get a reply, then there's a good chance that your question was probably
    answered in the list archives or one of the FAQs.  Although questions
    about web application development in general are sometimes asked and
    answered, please focus your questions on Tomcat-specific issues.</li>
<li>The TOMCAT-DEV mailing list, which you can subscribe to
    <a href="http://jakarta.apache.org/site/mail.html">here</a>.  This list is
    <strong>reserved</strong> for discussions about the development of Tomcat
    itself.  Questions about Tomcat configuration, and the problems you run
    into while developing and running applications, will normally be more
    appropriate on the TOMCAT-USER list instead.</li>
</ul>

<p>And, if you think something should be in the docs, by all means let us know
on the TOMCAT-DEV list, or send one of the doc authors email.</p>

</section>

</body>

</document>
