<?xml version="1.0"?>
<!DOCTYPE document [
  <!ENTITY project SYSTEM "project.xml">
]>
<document>

    &project;

    <properties>
        <author email="glenn@apache.org">Glenn L. Nielsen</author>
        <title>Jasper 2 JSP Engine How To</title>
    </properties>

<body>

<section name="Table of Contents">
<p>
<a href="#Introduction">Introduction</a><br />
<a href="#Upgrading">Upgrading</a><br />
<a href="#Configuration">Configuration</a><br />
<a href="#Production Configuration">Production Configuration</a><br />
<a href="#Using Jikes">Using Jikes</a><br />
</p>
</section>

<section name="Introduction">

<p>Starting with Tomcat 4.1, Tomcat uses the Jasper 2 JSP Engine to implement
the <a href="http://java.sun.com/products/jsp/">JavaServer Pages 1.2</a>
specification.</p>

<p>Jasper 2 has been redesigned to significantly improve performance over
the orignal Jasper.  In addition to general code improvements the following
changes were made:
<ul>
<li><strong>JSP Custom Tag Pooling</strong> - The java objects instantiated
for JSP Custom Tags can now be pooled and reused.  This significantly boosts
the performance of JSP pages which use custom tags.</li>
<li><strong>Background JSP compilation</strong> - If you make a change to
a JSP page which had already been compiled Jasper 2 can recompile that
page in the background.  The previously compiled JSP page will still be
available to serve requests.  Once the new page has been compiled
successfully it will replace the old page.  This helps improve availablity
of your JSP pages on a production server.</li>
<li><strong>Recompile JSP when included page changes</strong> - Jasper 2
can now detect when a page included at compile time from a JSP has changed
and then recompile the parent JSP.</li>
<li><strong>Ant used to compile JSP pages</strong> - The
<a href="http://jakarta.apache.org/ant/">Ant Build Tool</a> is now
used to perform JSP java source code compilation.</li>
</ul>
</p>

<p>Jasper is implemented using the servlet class
<code>org.apache.jasper.servlet.JspServlet</code>.</p>

</section>

<section name="Upgrading">

<p>Upgrading to Tomcat 4.1 and Jasper 2 from an earlier version of
Tomcat and/or Jasper.</p>

<p>Jasper 2 generates different java source code from Jasper 1.  You
must remove all previous class files generated for your JSP pages
from your <code>work</code> directory.</p>

<p>Jasper 2 implements JSP Custom Tag Pooling.  This can cause
JSP custom tags which are not compliant with the JSP specification to fail
or behave inconsistently.  When upgrading from a version of Tomcat earlier
than 4.1 you should test to make sure your JSP pages which use custom tags
are working correctly.</p>

</section>

<section name="Configuration">

<p>By default Jasper is configured for use when doing web application
development.  See the section <a href="#Production Configuration">
Production Configuration</a> for information on configuring Jasper
for use on a production Tomcat server.</p>

<p>The servlet which implements Jasper is configured using init parameters
in your global <code>$CATALINA_BASE/conf/web.xml</code>.

<ul>
<li><strong>checkInterval</strong> - If development is false and reloading is
true, background compiles are enabled. checkInterval is the time in seconds
between checks to see if a JSP page needs to be recompiled. Default
<code>300</code> seconds.</li>

<li><strong>compiler</strong> - Which compiler Ant should use to compile JSP
pages.  See the Ant documenation for more information. Default
<code>javac</code>.</li>

<li><strong>classdebuginfo</strong> - Should the class file be compiled with
debugging information?  <code>true</code> or <code>false</code>, default
<code>true</code>.
</li>

<li><strong>classpath</strong> - What class path should I use while compiling
generated servlets?  By default the classpath is created dynamically based on
the current web application.</li>

<li><strong>development</strong> - Is Jasper used in development mode (will
check for JSP modification on every access)? <code>true</code> or
<code>false</code>, default <code>true</code>.</li>

<li><strong>enablePooling</strong> - Determines whether tag handler pooling is
enabled. <code>true</code> or <code>false</code>, default <code>true</code>.
</li>

<li><strong>ieClassId</strong> - The class-id value to be sent to Internet
Explorer when using &lt;jsp:plugin&gt; tags.   Default
<code>clsid:8AD9C840-044E-11D1-B3E9-00805F499D93</code>.</li>

<li><strong>javaEncoding</strong> - Java file encoding to use for generating
java source files. Default <code>UTF8</code>.</li>

<li><strong>keepgenerated</strong> - Should we keep the generated Java source
code for each page instead of deleting it? <code>true</code> or
<code>false</code>, default <code>true</code>.</li>

<li><strong>largefile</strong> - Should we store the static content of JSP
pages in external data files, to reduce the size of the generated servlets?
<code>true</code> or <code>false</code>, default <code>false</code>.</li>

<li><strong>logVerbosityLevel</strong> - The level of detailed messages to be
produced by this servlet.  Increasing levels cause the generation of more
messages.  Valid values are <code>FATAL, ERROR, WARNING, INFORMATION,</code>
and <code>DEBUG</code>. Default <code>WARNING</code>.</li>

<li><strong>mappedfile</strong> - Should we generate static content with one 
print statement per input line, to ease debugging?
<code>true</code> or <code>false</code>, default <code>false</code>.</li>

<li><strong>reloading</strong> - Should Jasper check for modified JSPs?
<code>true</code> or <code>false</code>, default <code>true</code>.</li>

<li><strong>scratchdir</strong> - What scratch directory should we use when
compiling JSP pages? Default is the work directory for the current web
application.</li>
</ul>
</p>

</section>

<section name="Production Configuration">

<p>When using Jasper 2 in a production Tomcat server you should consider
making the following changes from the default configuration.
<ul>
<li><strong>development</strong> - To enable background compilation of JSP
pages set this to <code>false</code>.</li>
<li><strong>compiler</strong> - The internal JVM javac compiler used by Ant
has a known memory leak.  If you anticipate that JSP pages will get recompiled
frequently consider using an external compiler such as <code>jikes</code>.</li>
</ul>
</p>

</section>

<section name="Using Jikes">

<p>If you wish to use
<a href="http://oss.software.ibm.com/developerworks/opensource/jikes/">
Jikes</a> to compile JSP pages:
<ul>
<li>Download and install jikes.</li>
<li>Set the init parameter <code>compiler</code> to <code>jikes</code>.</li>
<li>Define the property <code>-Dbuild.compiler.emacs=true</code> when starting
Tomcat by adding it to your <code>CATALINA_OPTS</code> environment variable.
This changes how jikes outputs error messages so that it is compatible with
Jasper.</li>
<li>If you get an error reporting that jikes can't use UTF8 encoding, try
setting the init parameter <code>javaEncoding</code> to
<code>ISO-8859-1</code>.</li>
</ul>
</p>

</section>
</body>

</document>
