<?xml version="1.0"?>
<!DOCTYPE document [
  <!ENTITY project SYSTEM "project.xml">
]>
<document>

    &project;

    <properties>
        <author email="craigmcc@apache.org">Craig R. McClanahan</author>
        <title>Manager App HOW-TO</title>
    </properties>

<body>


<section name="Introduction">

<p>In many production environments, it is very useful to have the capability
to deploy a new web application, or undeploy an existing one, without having
to shut down and restart the entire container.  In addition, you can request
an existing application to reload itself, even if you have not declared it
to be <code>reloadable</code> in the Tomcat 4 server
configuration file.</p>

<p>To support these capabilities, Tomcat 4 includes a web application
(installed by default on context path <code>/manager</code>) that supports
the following functions:</p>
<ul>
<li>Deploy a new web application, on a specified context path, from
    the uploaded contents of a WAR file.</li>
<li>Install a new web application, which can be anywhere on the
    server's disks.</li>
<li>List the currently deployed web applications, as well as the
    sessions that are currently active for those web apps.</li>
<li>Reload an existing web application, to reflect changes in the
    contents of <code>/WEB-INF/classes</code> or <code>/WEB-INF/lib</code>.
    </li>
<li>List the available global JNDI resources, for use in deployment
    tools that are preparing <code>&lt;ResourceLink&gt;</code> elements
    nested in a <code>&lt;Context&gt;</code> deployment description.</li>
<li>List the available security roles defined in the user database.</li>
<li>Remove an installed web application.</li>
<li>Start a stopped application (thus making it available again).</li>
<li>Stop an existing application (so that it becomes unavailable), but
    do not undeploy it.</li>
<li>Undeploy a deployed web application and delete its document base
    directory.</li>
</ul>

<p>There are two ways to configure the Manager web application
<code>Context</code>:
<ul>
<li>Install the <code>manager.xml</code> context configuration file
    in the <code>appBase</code> for your <code>Host</code>.</li>
<li>Configure the Manager <code>Context</code> within the
    <code>Host</code> configuration in your Tomcat <code>server.xml</code>
    configuration. Here is an example:
<pre>
&lt;Context path="/manager" debug="0" privileged="true"
         docBase="/usr/local/kinetic/tomcat4/server/webapps/manager"&gt;
&lt;/Context&gt;
</pre>
</li>
</ul>
</p>

<p>If you have Tomcat configured to support multiple virtual hosts
(websites) you would need to configure a Manager for each.</p>

<p>There are three ways to use the <code>Manager</code> web application.
<ul>
<li>As an application with a user interface you use in your browser.
Here is an example URL where you can replace <code>localhost</code> with
your website host name:  <code>http://localhost/manager/html/</code> .</li>
<li>A minimal version using HTTP requests only which is suitable for use
by scripts setup by system administrators.  Commands are given as part of the
request URI, and responses are in the form of simple text that can be easily
parsed and processed.  See <a href="#Supported Manager Commands">
Supported Manager Commands</a> for more information.</li>
<li>A convenient set of task definitions for the <em>Ant</em>
(version 1.4 or later) build tool.  See
<a href="#Executing Manager Commands With Ant">Executing Manager Commands
With Ant</a> for more information.</li>
</ul>
</p>

<p>Future versions of Tomcat 4 will include administrative functionality that
is presented in (at least) the following forms:
<ul>
<li>As web services, so that Tomcat administration can be easily integrated
    into remote and/or non-Java mnagement environments.</li>
<li>As a web application with a nice user interface (built on top of the
    web services processing layer) for easy Tomcat administration via a
    web browser.</li>
</ul>
</p>

</section>

<section name="Configuring Manager Application Access">

    <blockquote><em>
    <p>The description below uses the variable name $CATALINA_HOME
    to refer to the directory into which you have installed Tomcat 4,
    and is the base directory against which most relative paths are
    resolved.  However, if you have configured Tomcat 4 for multiple
    instances by setting a CATALINA_BASE directory, you should use
    $CATALINA_BASE instead of $CATALINA_HOME for each of these
    references.</p>
    </em></blockquote>

<p>It would be quite unsafe to ship Tomcat with default settings that allowed
anyone on the Internet to execute the Manager application on your server.
Therefore, the Manager application is shipped with the requirement that anyone
who attempts to use it must authenticate themselves, using a username and
password that have the role <strong>manager</strong> associated with them.
Further, there is no username in the default users file
(<conf>$CATALINA_HOME/conf/tomcat-users.xml</conf>) that is assigned this
role.  Therefore, access to the Manager application is completely disabled
by default.</p>

<p>To enable access to the Manager web application, you must either create
a new username/password combination and associate the role name
<strong>manager</strong> with it, or add the <strong>manager</strong> role
to some existing username/password combination.  Exactly where this is done
depends on which <code>Realm</code> implementation you are using:</p>
<ul>
<li><em>MemoryRealm</em> - If you have not customized your
    <code>$CATALINA_HOME/conf/server.xml</code> to select a different one,
    Tomcat 4 defaults to an XML-format file stored at
    <code>$CATALINA_HOME/conf/tomcat-users.xml</code>, which can be
    edited with any text editor.  This file contains an XML
    <code>&lt;user&gt;</code> for each individual user, which might
    look something like this:
<source>
&lt;user name="craigmcc" password="secret" roles="standard,manager" /&gt;
</source>
    which defines the username and password used by this individual to
    log on, and the role names he or she is associated with.  You can
    add the <strong>manager</strong> role to the comma-delimited
    <code>roles</code> attribute for one or more existing users, and/or
    create new users with that assigned role.</li>
<li><em>JDBCRealm</em> - Your user and role information is stored in
    a database accessed via JDBC.  Add the <strong>manager</strong> role
    to one or more existing users, and/or create one or more new users
    with this role assigned, following the standard procedures for your
    environment.</li>
<li><em>JNDIRealm</em> - Your user and role information is stored in
    a directory server accessed via LDAP.  Add the <strong>manager</strong>
    role to one or more existing users, and/or create one or more new users
    with this role assigned, following the standard procedures for your
    environment.</li>
</ul>

<p>The first time you attempt to issue one of the Manager commands
described in the next section, you will be challenged to log on using
BASIC authentication.  The username and password you enter do not matter,
as long as they identify a valid user in the users database who possesses
the role <strong>manager</strong>.</p>

<p>In addition to the password restrictions the manager web application
could be restricted by the remote IP address or host by adding a
<code>RemoteAddrValve</code> or <code>RemoteHostValve</code>.  Here is
an example of restricting access to the localhost by IP address:
<pre>
&lt;Context path="/manager" debug="0" privileged="true"
         docBase="/usr/local/kinetic/tomcat4/server/webapps/manager"&gt;
         &lt;Valve className="org.apache.catalina.valves.RemoteAddrValve"
                allow="127.0.0.1"/&gt;
&lt;/Context&gt;
</pre>
</p>
</section>


<section name="Supported Manager Commands">

<p>All commands that the Manager application knows how to process are
specified in a single request URI like this:</p>
<source>
http://{host}:{port}/manager/{command}?{parameters}
</source>
<p>where <code>{host}</code> and <code>{port}</code> represent the hostname
and port number on which Tomcat is running, <code>{command}</code>
represents the Manager command you wish to execute, and
<code>{parameters}</code> represents the query parameters
that are specific to that command.  In the illustrations below, customize
the host and port appropriately for your installation.</p>

<p>Most commands accept one or more of the following query parameters:</p>
<ul>
<li><strong>path</strong> - The context path (including the leading slash)
    of the web application you are dealing with.  To select the ROOT web
    application, specify a zero-length string.  <strong>NOTE</strong> -
    It is not possible to perform administrative commands on the
    Manager application itself.</li>
<li><strong>war</strong> - URL of a web application archive (WAR) file,
    or pathname of a directory, that contains the web application.
    You can use URLs in any of the following formats:
    <ul>
    <li><strong>file:/absolute/path/to/a/directory</strong> - The absolute
        path of a directory that contains the unpacked version of a web
        application.  This directory will be attached to the context path
        you specify without any changes.</li>
    <li><strong>file:/absolute/path/to/a/webapp.war</strong> - The absolute
        path of a web application archive (WAR) file.  This is valid
        <strong>only</strong> for the <code>/deploy</code> command, and is
        the only acceptable format to that command.</li>
    <li><strong>jar:file:/absolute/path/to/a/warfile.war!/</strong> - The
        URL to a local web application archive (WAR) file.  You can use any
        syntax that is valid for the <code>JarURLConnection</code> class
        for reference to an entire JAR file.</li>
    <li><strong>jar:http://hostname:port/path/to/a/warfile.war!/</strong> -
        You can also deploy web applications from a remote JAR file.  You can
        use any syntax that is valid for the <code>JarURLConnection</code>
        class for reference to an entire JAR file.</li>
    </ul></li>
</ul>

<p>Each command will return a response in <code>text/plain</code> format
(i.e. plain ASCII with no HTML markup), making it easy for both humans and
programs to read).  The first line of the response wil begin with either
<code>OK</code> or <code>FAIL</code>, indicating whether the requested
command was successful or not.  In the case of failure, the rest of the first
line will contain a description of the problem that was encountered.  Some
commands include additional lines of information as described below.</p>

<p><em>Internationalization Note</em> - The Manager application looks up
its message strings in resource bundles, so it is possible that the strings
have been translated for your platform.  The examples below show the English
version of the messages.</p>

<subsection name="Deploy A New Application">

<source>
http://localhost:8080/manager/deploy?path=/foo
</source>

<p>Upload the web application archive (WAR) file that is specified as the
request data in this HTTP PUT request, install it into the <code>appBase</code>
directory of our corresponding virtual host, and start it on the context path
specified by the <code>path</code> request parameter.  The application can
later be undeployed (and the corresponding application directory removed)
by use of the <code>/undeploy</code>.</p>

<p><strong>NOTE</strong> - Since this command requires an HTTP PUT request,
it is usable only from tools (such as the custom Ant tasks described below).
To install a new web application without copying, consider the
<code>/install</code> command described below.  This command is the logical
opposite of the <code>/undeploy</code> command.</p>

<p>If installation and startup is successful, you will receive a response
like this:</p>
<source>
OK - Deployed application at context path /foo
</source>

<p>Otherwise, the response will start with <code>FAIL</code> and include an
error message.  Possible causes for problems include:</p>
<ul>
<li><em>Application already exists at path /foo</em>
    <blockquote>
    <p>The context paths for all currently running web applications must be
    unique.  Therefore, you must either remove or undeploy the existing web
    application using this context path, or choose a different context path
    for the new one.</p>
    </blockquote></li>
<li><em>Encountered exception</em>
    <blockquote>
    <p>An exception was encountered trying to start the new web application.
    Check the Tomcat 4 logs for the details, but likely explanations include
    problems parsing your <code>/WEB-INF/web.xml</code> file, or missing
    classes encountered when initializing application event listeners and
    filters.</p>
    </blockquote></li>
<li><em>Invalid context path was specified</em>
    <blockquote>
    <p>The context path must start with a slash character, unless you are
    referencing the ROOT web application -- in which case the context path
    must be a zero-length string.</p>
    </blockquote></li>
<li><em>No context path was specified</em>
    <blockquote>
    The <code>path</code> parameter is required.
    </blockquote></li>
</ul>

</subsection>

<subsection name="Install A New Application">

<source>
http://localhost:8080/manager/install?path=/foo&amp;war=file:/path/to/foo

http://localhost:8080/manager/install?path=/bar&amp;war=jar:file:/path/to/bar.war!/
</source>

<p>Install and start a new web application, attached to the specified context
path (which must not be in use by any other web application).  The
<code>war</code> parameter specifies a URL (including the <code>file:</code>
scheme) for either a directory or a web application archive (WAR) file.
The supported syntax for a URL referring to a WAR file is described on the
Javadocs page for the <code>java.net.JarURLConnection</code> class.  Use
only URLs that refer to the entire WAR file.  This command is the logical
opposite of the <code>/remove</code> command.</p>

<p>If installation and startup is successful, you will receive a response
like this:</p>
<source>
OK - Installed application at context path /foo
</source>

<p>Otherwise, the response will start with <code>FAIL</code> and include an
error message.  Possible causes for problems include:</p>
<ul>
<li><em>Application already exists at path /foo</em>
    <blockquote>
    <p>The context paths for all currently running web applications must be
    unique.  Therefore, you must either remove or undeploy the existing web
    application using this context path, or choose a different context path
    for the new one.</p>
    </blockquote></li>
<li><em>Document base does not exist or is not a readable directory</em>
    <blockquote>
    <p>The URL specified by the <code>war</code> parameter must identify a
    directory on this server that contains the "unpacked" version of a
    web application, or the absolute URL of a web application archive (WAR)
    file that contains this application.  Correct the value specified by
    the <code>war</code> parameter.</p>
    </blockquote></li>
<li><em>Encountered exception</em>
    <blockquote>
    <p>An exception was encountered trying to start the new web application.
    Check the Tomcat 4 logs for the details, but likely explanations include
    problems parsing your <code>/WEB-INF/web.xml</code> file, or missing
    classes encountered when initializing application event listeners and
    filters.</p>
    </blockquote></li>
<li><em>Invalid application URL was specified</em>
    <blockquote>
    <p>The URL for the directory or web application that you specified
    was not valid.  Such URLs must start with <code>file:</code>, and URLs
    for a WAR file must end in ".war".</p>
    </blockquote></li>
<li><em>Invalid context path was specified</em>
    <blockquote>
    <p>The context path must start with a slash character, unless you are
    referencing the ROOT web application -- in which case the context path
    must be a zero-length string.</p>
    </blockquote></li>
<li><em>No context path was specified</em>
    <blockquote>
    The <code>path</code> parameter is required.
    </blockquote></li>
</ul>

</subsection>

<subsection name="List Currently Deployed and Installed Applications">

<source>
http://localhost:8080/manager/list
</source>

<p>List the context paths, current status (<code>running</code> or
<code>stopped</code>), and number of active sessions for all currently
deployed and installed web applications.  A typical response immediately
after starting Tomcat might look like this:</p>
<source>
OK - Listed applications for virtual host localhost
/webdav:running:0
/examples:running:0
/manager:running:0
/:running:0
</source>

</subsection>

<subsection name="Reload An Existing Application">

<source>
http://localhost:8080/manager/reload?path=/examples
</source>

<p>Signal an existing application to shut itself down and reload.  This can
be useful when you've recompiled classes on an application that is not
configured with the <code>reloadable="true"</code> attribute in its
<code>&lt;Context&gt;</code> entry in
<code>$CATALINA_HOME/conf/server.xml</code>, or when you've made other
changes (such as to <code>conf/web.xml</code>) that are not automatically
recognized by Tomcat.</p>

<p>If this command succeeds, you will see a response like this:</p>
<source>
OK - Reloaded application at context path /examples
</source>

<p>Otherwise, the response will start with <code>FAIL</code> and include an
error message.  Possible causes for problems include:</p>
<ul>
<li><em>Encountered exception</em>
    <blockquote>
    <p>An exception was encountered trying to restart the web application.
    Check the Tomcat 4 logs for the details.</p>
    </blockquote></li>
<li><em>Invalid context path was specified</em>
    <blockquote>
    <p>The context path must start with a slash character, unless you are
    referencing the ROOT web application -- in which case the context path
    must be a zero-length string.</p>
    </blockquote></li>
<li><em>No context exists for path /foo</em>
    <blockquote>
    <p>There is no deployed or installed application on the context path
    that you specified.</p>
    </blockquote></li>
<li><em>No context path was specified</em>
    <blockquote>
    The <code>path</code> parameter is required.
    </blockquote></li>
<li><em>Reload note supported on WAR deployed at path /foo</em>
    <blockquote>
    Currently, application reloading (to pick up changes to the classes or
    <code>web.xml</code> file) is not supported when a web application is
    installed directly from a WAR file.  It only works when the web application
    is installed from an unpacked directory.  If you are using a WAR file,
    you should <code>remove</code> and then <code>install</code> the
    application again to pick up your changes.
    </blockquote></li>
</ul>

</subsection>

<subsection name="Remove an Existing Application">

<source>
http://localhost:8080/manager/remove?path=/examples
</source>

<p>Signal an existing application to gracefully shut itself down, and then
remove it from Tomcat (which also makes this context path available for
reuse later).  This command is the logical opposite of the
<code>/install</code> command.</p>

<p>If this command succeeds, you will see a response like this:</p>
<source>
OK - Removed application at context path /examples
</source>

<p>Otherwise, the response will start with <code>FAIL</code> and include an
error message.  Possible causes for problems include:</p>
<ul>
<li><em>Encountered exception</em>
    <blockquote>
    <p>An exception was encountered trying to remove the web application.
    Check the Tomcat 4 logs for the details.</p>
    </blockquote></li>
<li><em>Invalid context path was specified</em>
    <blockquote>
    <p>The context path must start with a slash character, unless you are
    referencing the ROOT web application -- in which case the context path
    must be a zero-length string.</p>
    </blockquote></li>
<li><em>No context exists for path /foo</em>
    <blockquote>
    <p>There is no deployed or installed application on the context path
    that you specified.</p>
    </blockquote></li>
<li><em>No context path was specified</em>
    <blockquote>
    The <code>path</code> parameter is required.
    </blockquote></li>
</ul>

</subsection>

<subsection name="List Available Global JNDI Resources">

<source>
http://localhost:8080/manager/resources[?type=xxxxx]
</source>

<p>List the global JNDI resources that are available for use in resource
links for context configuration files.  If you specify the <code>type</code>
request parameter, the value must be the fully qualified Java class name of
the resource type you are interested in (for example, you would specify
<code>javax.sql.DataSource</code> to acquire the names of all available
JDBC data sources).  If you do not specify the <code>type</code> request
parameter, resources of all types will be returned.</p>

<p>Depending on whether the <code>type</code> request parameter is specfied
or not, the first line of a normal response will be:</p>
<pre>
  OK - Listed global resources of all types
</pre>
<p>or</p>
<pre>
  OK - Listed global resources of type xxxxx
</pre>
<p>followed by one line for each resource.  Each line is composed of fields
delimited by colon characters (":"), as follows:</p>
<ul>
<li><em>Global Resource Name</em> - The name of this global JNDI resource,
    which would be used in the <code>global</code> attribute of a
    <code>&lt;ResourceLink&gt;</code> element.</li>
<li><em>Global Resource Type</em> - The fully qualified Java class name of
    this global JNDI resource.</li>
</ul>

<p>If an error occurs, the response will start with <code>FAIL</code> and
include an error message.  Possible causes for problems include:</p>
<ul>
<li><em>Encountered exception</em>
    <blockquote>
    <p>An exception was encountered trying to enumerate the global JNDI
    resources.  Check the Tomcat 4 logs for the details.</p>
    </blockquote></li>
<li><em>No global JNDI resources are available</em>
    <blockquote>
    <p>The Tomcat server you are running has been configured without
    global JNDI resources.</p>
    </blockquote></li>
</ul>


</subsection>


<subsection name="List Available Security Roles">

<source>
http://localhost:8080/manager/roles
</source>

<p>List the security role names (and corresponding descriptions) that are
available in the <code>org.apache.catalina.UserDatabase</code> resource that
is linked to the <code>users</code> resource reference in the web.xml file
for the Manager web application.  This would typically be used, for example,
by a deployment tool that wanted to create
<code>&lt;security-role-ref&gt;</code> elements to map security role names
used in a web application to the role names actually defined within the
container.</p>

<p>By default, the <code>users</code> resource reference is pointed at the
global <code>UserDatabase</code> resource.  If you choose to utilize a
different user database per virtual host, you should modify the
<code>&lt;ResourceLink&gt;</code> element in the default
<code>manager.xml</code> context configuration file to point at the global
user database resource for this virtual host.</p>

<p>When this command is executed, the first line of the response will be:</p>
<pre>
  OK - Listed security roles
</pre>
<p>followed by one line for each security role.  Each line is composed of
fields delimited by colon characters (":") as follows:</p>
<ul>
<li><em>Security Role Name</em> - A security role name that is known to Tomcat
    in the user database.</li>
<li><em>Description</em> - Description of this security role (useful in
    creating user interfaces for selecting roles.</li>
</ul>

<p>If an error occurs, the response will start with <code>FAIL</code> and
include an error message.  Possible causes for problems include:</p>
<ul>
<li><em>Cannot resolve user database reference</em> - A JNDI error prevented
    the successful lookup of the <code>org.apache.catalina.UserDatabase</code>
    resource.  Check the Tomcat log files for a stack trace associated with
    this error.</li>
<li><em>No user database is available</em> - You have not configured a resource
    reference for the <code>users</code> resource that points at an
    appropriate user database instance.  Check your <code>manager.xml</code>
    file and ensure that you have created an appropriate
    <code>&lt;ResourceLink&gt;</code> or
    <code>&lt;ResourceParams&gt;</code> element for this resource.</li>
</ul>

</subsection>


<subsection name="Session Statistics">

<source>
http://localhost:8080/manager/sessions?path=/examples
</source>

<p>Display the default session timeout for a web application, and the
number of currently active sessions that fall within ten-minute ranges of
their actual timeout times.  For example, after restarting Tomcat and then
executing one of the JSP samples in the <code>/examples</code> web app,
you might get something like this:</p>
<source>
OK - Session information for application at context path /examples
Default maximum session inactive interval 30 minutes
30 - &lt;40 minutes:1 sessions
</source>

</subsection>


<subsection name="Start an Existing Application">

<source>
http://localhost:8080/manager/start?path=/examples
</source>

<p>Signal a stopped application to restart, and make itself available again.
Stopping and starting is useful, for example, if the database required by
your application becomes temporarily unavailable.  It is usually better to
stop the web application that relies on this database, rather than letting
users continuously encounter database exceptions.</p>

<p>If this command succeeds, you will see a response like this:</p>
<source>
OK - Started application at context path /examples
</source>

<p>Otherwise, the response will start with <code>FAIL</code> and include an
error message.  Possible causes for problems include:</p>
<ul>
<li><em>Encountered exception</em>
    <blockquote>
    <p>An exception was encountered trying to start the web application.
    Check the Tomcat 4 logs for the details.</p>
    </blockquote></li>
<li><em>Invalid context path was specified</em>
    <blockquote>
    <p>The context path must start with a slash character, unless you are
    referencing the ROOT web application -- in which case the context path
    must be a zero-length string.</p>
    </blockquote></li>
<li><em>No context exists for path /foo</em>
    <blockquote>
    <p>There is no deployed or installed application on the context path
    that you specified.</p>
    </blockquote></li>
<li><em>No context path was specified</em>
    <blockquote>
    The <code>path</code> parameter is required.
    </blockquote></li>
</ul>

</subsection>

<subsection name="Stop an Existing Application">

<source>
http://localhost:8080/manager/stop?path=/examples
</source>

<p>Signal an existing application to make itself unavailable, but leave it
deployed or installed.  Any request that comes in while an application is
stopped will see an HTTP error 404, and this application will show as
"stopped" on a list applications command.</p>

<p>If this command succeeds, you will see a response like this:</p>
<source>
OK - Stopped application at context path /examples
</source>

<p>Otherwise, the response will start with <code>FAIL</code> and include an
error message.  Possible causes for problems include:</p>
<ul>
<li><em>Encountered exception</em>
    <blockquote>
    <p>An exception was encountered trying to stop the web application.
    Check the Tomcat 4 logs for the details.</p>
    </blockquote></li>
<li><em>Invalid context path was specified</em>
    <blockquote>
    <p>The context path must start with a slash character, unless you are
    referencing the ROOT web application -- in which case the context path
    must be a zero-length string.</p>
    </blockquote></li>
<li><em>No context exists for path /foo</em>
    <blockquote>
    <p>There is no deployed or installed application on the context path
    that you specified.</p>
    </blockquote></li>
<li><em>No context path was specified</em>
    <blockquote>
    The <code>path</code> parameter is required.
    </blockquote></li>
</ul>

</subsection>


<subsection name="Undeploy an Existing Application">

<source>
http://localhost:8080/manager/undeploy?path=/examples
</source>

<p><strong><font color="red">WARNING</font> - This command will
delete the contents of the web application directory if it exists within the
<code>appBase</code> directory (typically "webapps") for this virtual host
</strong>.  If you simply want to take an application out of service,
you should use the <code>/remove</code> command instead.</p>

<p>Signal an existing application to gracefully shut itself down, and
remove it from Tomcat (which also makes this context path available for
reuse later).  In addition, the document root directory is removed, if it
exists in the <code>appBase</code> directory (typically "webapps") for
this virtual host.  This command is the logical opposite of the
<code>/deploy</code> command.</p>

<p>If this command succeeds, you will see a response like this:</p>
<source>
OK - Undeployed application at context path /examples
</source>

<p>Otherwise, the response will start with <code>FAIL</code> and include an
error message.  Possible causes for problems include:</p>
<ul>
<li><em>Encountered exception</em>
    <blockquote>
    <p>An exception was encountered trying to undeploy the web application.
    Check the Tomcat 4 logs for the details.</p>
    </blockquote></li>
<li><em>Invalid context path was specified</em>
    <blockquote>
    <p>The context path must start with a slash character, unless you are
    referencing the ROOT web application -- in which case the context path
    must be a zero-length string.</p>
    </blockquote></li>
<li><em>No context exists for path /foo</em>
    <blockquote>
    <p>There is no deployed or installed application on the context path
    that you specified.</p>
    </blockquote></li>
<li><em>No context path was specified</em>
    <blockquote>
    The <code>path</code> parameter is required.
    </blockquote></li>
</ul>

</subsection>

</section>


<section name="Executing Manager Commands With Ant">

<p>In addition to the ability to execute Manager commands via HTTP requests,
as documented above, Tomcat 4 includes a convenient set of Task definitions
for the <em>Ant</em> (version 1.4 or later) build tool.  In order to use these
commands, you must perform the following setup operations:</p>
<ul>
<li>Download the binary distribution of Ant from
    <a href="http://jakarta.apache.org/ant/">http://jakarta.apache.org/ant</a>.
    You must use version <strong>1.4</strong> or later.</li>
<li>Install the Ant distribution in a convenient directory (called
    ANT_HOME in the remainder of these instructions).</li>
<li>Copy the file <code>server/lib/catalina-ant.jar</code> from your Tomcat 4
    installation into Ant's library directory (<code>$ANT_HOME/lib</code>).
    </li>
<li>Add the <code>$ANT_HOME/bin</code> directory to your <code>PATH</code>
    environment variable.</li>
<li>Configure at least one username/password combination in your Tomcat
    user database that includes the <code>manager</code> role.</li>
</ul>

<p>To use custom tasks within Ant, you must declare them first with a
<code>&lt;taskdef&gt;</code> element.  Therefore, your <code>build.xml</code>
file might look something like this:</p>

<table border="1">
<tr><td><pre>
&lt;project name="My Application" default="compile" basedir="."&gt;

  &lt;!-- Configure the directory into which the web application is built --&gt;
  &lt;property name="build"    value="${basedir}/build"/&gt;

  &lt;!-- Configure the context path for this application --&gt;
  &lt;property name="path"     value="/myapp"/&gt;

  &lt;!-- Configure properties to access the Manager application --&gt;
  &lt;property name="url"      value="http://localhost:8080/manager"/&gt;
  &lt;property name="username" value="myusername"/&gt;
  &lt;property name="password" value="mypassword"/&gt;

  &lt;!-- Configure the custom Ant tasks for the Manager application --&gt;
  &lt;taskdef name="deploy"    classname="org.apache.catalina.ant.DeployTask"/&gt;
  &lt;taskdef name="install"   classname="org.apache.catalina.ant.InstallTask"/&gt;
  &lt;taskdef name="list"      classname="org.apache.catalina.ant.ListTask"/&gt;
  &lt;taskdef name="reload"    classname="org.apache.catalina.ant.ReloadTask"/&gt;
  &lt;taskdef name="remove"    classname="org.apache.catalina.ant.RemoveTask"/&gt;
  &lt;taskdef name="resources" classname="org.apache.catalina.ant.ResourcesTask"/&gt;
  &lt;taskdef name="roles"     classname="org.apache.catalina.ant.RolesTask"/&gt;
  &lt;taskdef name="start"     classname="org.apache.catalina.ant.StartTask"/&gt;
  &lt;taskdef name="stop"      classname="org.apache.catalina.ant.StopTask"/&gt;
  &lt;taskdef name="undeploy"  classname="org.apache.catalina.ant.UndeployTask"/&gt;

  &lt;!-- Executable Targets --&gt;
  &lt;target name="compile" description="Compile web application"&gt;
    &lt;!-- ... construct web application in ${build} subdirectory ... --&gt;
  &lt;/target&gt;

  &lt;target name="install" description="Install web application"
          depends="compile"&gt;
    &lt;install url="${url}" username="${username}" password="${password}"
            path="${path}" war="file://${build}"/&gt;
  &lt;/target&gt;

  &lt;target name="reload" description="Reload web application"
          depends="compile"&gt;
    &lt;reload  url="${url}" username="${username}" password="${password}"
            path="${path}"/&gt;
  &lt;/target&gt;

  &lt;target name="remove" description="Remove web application"&gt;
    &lt;remove url="${url}" username="${username}" password="${password}"
            path="${path}"/&gt;
  &lt;/target&gt;

&lt;/project&gt;
</pre></td></tr>
</table>

<p>Now, you can execute commands like <code>ant install</code> to install th
applcation to a running instance of Tomcat, or <code>ant reload</code> to
tell Tomcat to reload it.  Note also that most of the interesting values in
this <code>build.xml</code> file are defined as replaceable properties, so
you can override their values from the command line.  For example, you might
consider it a security risk to include the real manager password in your
<code>build.xml</code> file's source code.  To avoid this, omit the password
property, and specify it from the command line:</p>
<pre>
  ant -Dpassword=secret deploy
</pre>

</section>


</body>

</document>
