<?xml version="1.0" encoding="ISO-8859-1"?>
<project name="Catalina Functional Specifications"
        href="http://jakarta.apache.org/tomcat/">

    <title>Catalina Functional Specifications</title>

    <logo href="/images/tomcat.gif">
      Catalina Functional Specifications
    </logo>

    <body>

    <menu name="Links">
        <item name="Docs Home"             href="../../index.html"/>
        <item name="Functional Specs"      href="index.html"/>
    </menu>

    <menu name="Administrative Apps">
        <item name="Overall Requirements"  href="fs-admin-apps.html"/>
        <item name="Tomcat MBean Names"    href="mbean-names.html"/>
        <item name="Administered Objects"  href="fs-admin-objects.html"/>
        <item name="Supported Operations"  href="fs-admin-opers.html"/>
    </menu>

    <menu name="Internal Servlets">
        <item name="Default Servlet"       href="fs-default.html"/>
        <item name="Invoker Servlet"       href="fs-invoker.html"/>
    </menu>

    <menu name="Realm Implementations">
        <item name="JDBC Realm"            href="fs-jdbc-realm.html"/>
        <item name="JNDI Realm"            href="fs-jndi-realm.html"/>
        <item name="Memory Realm"          href="fs-memory-realm.html"/>
    </menu>


    </body>

</project>
