<?xml version="1.0" encoding="ISO-8859-1"?>
<project name="Server Configuration Reference"
        href="http://jakarta.apache.org/tomcat/">

  <title>Server Configuration Reference</title>

  <logo href="/images/tomcat.gif">
    The Tomcat Servlet/JSP Container
  </logo>

    
  <body>

    <menu name="Links">
        <item name="Docs Home"             href="../index.html"/>
        <item name="Config Ref. Home"      href="index.html"/>
    </menu>

    <menu name="Top Level Elements">
        <item name="Server"                href="server.html"/>
        <item name="Service"               href="service.html"/>
    </menu>

    <menu name="Connectors">
        <item name="JTC Connectors"        href="connectors.html"/>
        <item name="Coyote HTTP/1.1"       href="coyote.html"/>
        <item name="Coyote JK 2"           href="jk2.html"/>
        <item name="HTTP/1.1"              href="http11.html"/>
        <item name="JK"                    href="jk.html"/>
        <item name="Webapp"                href="webapp.html"/>
    </menu>

    <menu name="Containers">
        <item name="Context"               href="context.html"/>
        <item name="Engine"                href="engine.html"/>
        <item name="Host"                  href="host.html"/>
    </menu>

    <menu name="Nested Components">
        <item name="Default Context"       href="defaultcontext.html"/>
        <item name="Global Resources"      href="globalresources.html"/>
        <item name="Loader"                href="loader.html"/>
        <item name="Logger"                href="logger.html"/>
        <item name="Manager"               href="manager.html"/> 
        <item name="Realm"                 href="realm.html"/>
        <item name="Resources"             href="resources.html"/>
        <item name="Valve"                 href="valve.html"/>
    </menu>

  </body>

</project>
