<?xml version="1.0" encoding="ISO-8859-1"?>
<project name="Application Developer's Guide"
        href="http://jakarta.apache.org/tomcat/">

    <title>Application Developer's Guide</title>

    <logo href="/images/tomcat.gif">
      The Tomcat Servlet/JSP Container
    </logo>

    
    <body>

    <menu name="Links">
        <item name="Docs Home"             href="../index.html"/>
    </menu>

    <menu name="Contents">
        <item name="Contents"              href="index.html"/>
        <item name="Introduction"          href="introduction.html"/>
        <item name="Installation"          href="installation.html"/>
        <item name="Deployment"            href="deployment.html"/>
        <item name="Source Code"           href="source.html"/>
        <item name="Processes"             href="processes.html"/>
        <item name="Example App"           href="sample/"/>
    </menu>

    </body>
</project>
